"","start_time","end_time","duration","day","weekday","name"
"1",2023-12-09 03:00:00,2023-12-09 08:00:00,"05:00",9,"Saturday","Gentleman1"
"2",2023-12-09 22:40:00,2023-12-10 10:20:00,"11:40",10,"Sunday","Gentleman1"
"3",2023-12-11 00:30:00,2023-12-11 08:00:00,"07:30",11,"Monday","Gentleman1"
"4",2023-12-11 23:00:00,2023-12-12 06:30:00,"07:30",12,"Tuesday","Gentleman1"
"5",2023-12-12 23:30:00,2023-12-13 07:50:00,"08:20",13,"Wednesday","Gentleman1"
"6",2023-12-13 23:50:00,2023-12-14 07:00:00,"07:10",14,"Thursday","Gentleman1"
"7",2023-12-14 22:40:00,2023-12-15 05:50:00,"07:10",15,"Friday","Gentleman1"
"8",2023-12-15 23:00:00,2023-12-16 07:10:00,"08:10",16,"Saturday","Gentleman1"
"9",2023-12-16 22:40:00,2023-12-17 09:00:00,"10:20",17,"Sunday","Gentleman1"
"10",2023-12-17 23:00:00,2023-12-18 07:30:00,"08:30",18,"Monday","Gentleman1"
"11",2023-12-18 23:00:00,2023-12-19 05:50:00,"06:50",19,"Tuesday","Gentleman1"
"12",2023-12-19 23:30:00,2023-12-20 08:10:00,"08:40",20,"Wednesday","Gentleman1"
"13",2023-12-20 23:40:00,2023-12-21 07:50:00,"08:10",21,"Thursday","Gentleman1"
"14",2023-12-22 02:00:00,2023-12-22 06:00:00,"04:00",22,"Friday","Gentleman1"
"15",2023-12-22 22:50:00,2023-12-23 10:40:00,"11:50",23,"Saturday","Gentleman1"
"16",2023-12-24 00:10:00,2023-12-24 09:20:00,"09:10",24,"Sunday","Gentleman1"
"17",2023-12-25 00:20:00,2023-12-25 08:20:00,"08:00",25,"Monday","Gentleman1"
"18",2023-12-25 23:10:00,2023-12-26 06:20:00,"07:10",26,"Tuesday","Gentleman1"
"19",2023-12-26 23:00:00,2023-12-27 05:50:00,"06:50",27,"Wednesday","Gentleman1"
"20",2023-12-27 23:00:00,2023-12-28 05:50:00,"06:50",28,"Thursday","Gentleman1"
"21",2023-12-28 22:20:00,2023-12-29 05:50:00,"07:30",29,"Friday","Gentleman1"
"22",2023-12-29 21:20:00,2023-12-30 05:50:00,"08:30",30,"Saturday","Gentleman1"
"23",2023-12-30 23:50:00,2023-12-31 05:40:00,"05:50",31,"Sunday","Gentleman1"
"24",2024-01-01 01:40:00,2024-01-01 08:00:00,"06:20",1,"Monday","Gentleman1"
"25",2024-01-01 23:10:00,2024-01-02 07:00:00,"07:50",2,"Tuesday","Gentleman1"
"26",2024-01-02 22:50:00,2024-01-03 08:30:00,"09:40",3,"Wednesday","Gentleman1"
"27",2024-01-03 23:40:00,2024-01-04 06:30:00,"06:50",4,"Thursday","Gentleman1"
"28",2024-01-04 22:50:00,2024-01-05 07:20:00,"08:30",5,"Friday","Gentleman1"
"29",2024-01-05 23:00:00,2024-01-06 07:30:00,"08:30",6,"Saturday","Gentleman1"
"30",2024-01-06 23:50:00,2024-01-07 08:00:00,"08:10",7,"Sunday","Gentleman1"
"31",2024-01-08 00:20:00,2024-01-08 07:40:00,"07:20",8,"Monday","Gentleman1"
"32",2024-01-08 22:50:00,2024-01-09 06:20:00,"07:30",9,"Tuesday","Gentleman1"
"33",2024-01-09 23:40:00,2024-01-10 07:30:00,"07:50",10,"Wednesday","Gentleman1"
"34",2024-01-10 23:20:00,2024-01-11 07:10:00,"07:50",11,"Thursday","Gentleman1"
"35",2024-01-12 01:10:00,2024-01-12 09:00:00,"07:50",12,"Friday","Gentleman1"
"36",2024-01-13 00:40:00,2024-01-13 08:20:00,"07:40",13,"Saturday","Gentleman1"
"37",2024-01-13 22:50:00,2024-01-14 07:20:00,"08:30",14,"Sunday","Gentleman1"
"38",2024-01-14 23:40:00,2024-01-15 07:14:56.204,"07:34",15,"Monday","Gentleman1"
"39",2024-01-17 22:30:00,2024-01-18 07:00:00,"08:30",18,"Thursday","Gentleman1"
"40",2024-01-18 23:40:00,2024-01-19 07:30:00,"07:50",19,"Friday","Gentleman1"
"41",2024-01-15 22:00:00,2024-01-16 06:00:00,"08:00",16,"Tuesday","Gentleman1"
"42",2024-01-16 23:30:00,2024-01-17 07:50:00,"08:20",17,"Wednesday","Gentleman1"
"43",2024-01-20 01:10:00,2024-01-20 08:10:00,"07:00",20,"Saturday","Gentleman1"
"44",2023-12-09 22:00:00,2023-12-09 06:00:00,"08:00",9,"Saturday","Gentleman2"
"45",2023-12-09 23:50:00,2023-12-10 07:40:00,"07:50",10,"Sunday","Gentleman2"
"46",2023-12-10 23:40:00,2023-12-11 08:10:00,"08:30",11,"Monday","Gentleman2"
"47",2023-12-11 22:30:00,2023-12-12 07:20:00,"08:00",12,"Tuesday","Gentleman2"
"48",2023-12-12 23:10:00,2023-12-13 06:30:00,"07:20",13,"Wednesday","Gentleman2"
"49",2023-12-13 22:50:00,2023-12-14 07:30:00,"08:40",14,"Thursday","Gentleman2"
"50",2023-12-14 23:20:00,2023-12-15 06:30:00,"07:10",15,"Friday","Gentleman2"
"51",2023-12-15 22:40:00,2023-12-16 06:00:00,"07:20",16,"Saturday","Gentleman2"
"52",2023-12-16 22:50:00,2023-12-17 08:20:00,"09:30",17,"Sunday","Gentleman2"
"53",2023-12-17 22:30:00,2023-12-18 07:00:00,"08:30",18,"Monday","Gentleman2"
"54",2023-12-18 22:50:00,2023-12-19 05:40:00,"06:50",19,"Tuesday","Gentleman2"
"55",2023-12-19 22:00:00,2023-12-20 06:30:00,"08:30",20,"Wednesday","Gentleman2"
"56",2023-12-20 22:40:00,2023-12-21 07:10:00,"08:30",21,"Thursday","Gentleman2"
"57",2023-12-21 23:30:00,2023-12-22 06:50:00,"08:20",22,"Friday","Gentleman2"
"58",2023-12-22 22:00:00,2023-12-23 08:40:00,"10:40",23,"Saturday","Gentleman2"
"59",2023-12-23 23:10:00,2023-12-24 08:20:00,"09:10",24,"Sunday","Gentleman2"
"60",2023-12-24 23:20:00,2023-12-25 07:20:00,"08:00",25,"Monday","Gentleman2"
"61",2023-12-26 00:20:00,2023-12-26 08:30:00,"08:10",26,"Tuesday","Gentleman2"
"62",2023-12-26 22:30:00,2023-12-27 08:50:00,"10:20",27,"Wednesday","Gentleman2"
"63",2023-12-27 23:10:00,2023-12-28 07:30:00,"08:20",28,"Thursday","Gentleman2"
"64",2023-12-28 22:40:00,2023-12-29 07:50:00,"07:50",29,"Friday","Gentleman2"
"65",2023-12-29 22:50:00,2023-12-30 08:50:00,"09:00",30,"Saturday","Gentleman2"
"66",2023-12-30 23:20:00,2023-12-31 06:30:00,"07:10",31,"Sunday","Gentleman2"
"67",2024-01-01 00:50:00,2024-01-01 09:10:00,"08:20",1,"Monday","Gentleman2"
"68",2024-01-01 22:10:00,2024-01-02 06:00:00,"07:50",2,"Tuesday","Gentleman2"
"69",2024-01-02 22:40:00,2024-01-03 07:40:00,"08:00",3,"Wednesday","Gentleman2"
"70",2024-01-04 00:20:00,2024-01-04 06:30:00,"06:10",4,"Thursday","Gentleman2"
"71",2024-01-04 23:30:00,2024-01-05 08:00:00,"08:30",5,"Friday","Gentleman2"
"72",2024-01-05 22:00:00,2024-01-06 06:30:00,"08:30",6,"Saturday","Gentleman2"
"73",2024-01-06 22:30:00,2024-01-07 06:40:00,"08:10",7,"Sunday","Gentleman2"
"74",2024-01-07 23:10:00,2024-01-08 06:50:00,"07:40",8,"Monday","Gentleman2"
"75",2024-01-08 22:10:00,2024-01-09 05:50:00,"07:40",9,"Tuesday","Gentleman2"
"76",2024-01-09 22:30:00,2024-01-10 05:40:00,"07:10",10,"Wednesday","Gentleman2"
"77",2024-01-10 23:20:00,2024-01-11 06:40:00,"07:20",11,"Thursday","Gentleman2"
"78",2024-01-11 21:30:00,2024-01-12 06:10:00,"08:40",12,"Friday","Gentleman3"
"79",2024-01-12 22:10:00,2024-01-13 07:20:00,"09:10",13,"Saturday","Gentleman2"
"80",2024-01-13 22:40:00,2024-01-14 08:00:00,"09:20",14,"Sunday","Gentleman2"
"81",2024-01-14 22:10:00,2024-01-15 07:10:11,"09:00",15,"Monday","Gentleman2"
"82",2024-01-15 22:20:00,2024-01-16 04:50:00,"06:35",16,"Tuesday","Gentleman2"
"83",2024-01-16 22:20:00,2024-01-17 06:10:00,"07:50",17,"Wednesday","Gentleman2"
"84",2024-01-17 21:40:00,2024-01-18 06:00:00,"08:20",18,"Thursday","Gentleman2"
"85",2024-01-18 22:20:00,2024-01-19 05:00:00,"06:40",19,"Friday","Gentleman2"
"86",2024-01-19 21:50:00,2024-01-20 06:10:00,"08:20",20,"Saturday","Gentleman2"
"87",2024-01-20 22:20:00,2024-01-21 06:20:00,"08:00",21,"Sunday","Gentleman2"
"88",2023-12-08 00:50:00,2023-12-08 05:03:00.33,"04:13",8,"Friday","Gentleman3"
"89",2023-12-08 23:00:00,2023-12-09 09:30:00,"10:30",9,"Saturday","Gentleman3"
"90",2023-12-10 01:50:00,2023-12-10 10:00:00,"08:10",10,"Sunday","Gentleman3"
"91",2023-12-10 23:40:00,2023-12-11 05:00:00,"05:20",11,"Monday","Gentleman3"
"92",2023-12-12 00:20:00,2023-12-12 07:00:00,"06:40",12,"Tuesday","Gentleman3"
"93",2023-12-13 01:50:00,2023-12-13 09:06:23.898,"07:16",13,"Wednesday","Gentleman3"
"94",2023-12-14 00:10:00,2023-12-14 07:10:00,"07:00",14,"Thursday","Gentleman3"
"95",2023-12-15 02:00:00,2023-12-15 05:47:00,"03:47",15,"Friday","Gentleman3"
"96",2023-12-15 22:10:00,2023-12-16 07:30:00,"09:20",16,"Saturday","Gentleman3"
"97",2023-12-17,2023-12-17 07:47:11.985,"07:47",17,"Sunday","Gentleman3"
"98",2023-12-17 23:10:00,2023-12-18 08:02:35.883,"08:52",18,"Monday","Gentleman3"
"99",2023-12-19 00:20:00,2023-12-19 07:20:00,"07:00",19,"Tuesday","Gentleman3"
"100",2023-12-20 00:40:00,2023-12-20 09:40:00,"09:00",20,"Wednesday","Gentleman3"
"101",2023-12-20 23:20:00,2023-12-21 08:00:00,"08:40",21,"Thursday","Gentleman3"
"102",2023-12-22 00:10:00,2023-12-22 04:50:00,"04:40",22,"Friday","Gentleman3"
"103",2023-12-23,2023-12-23 09:30:00,"09:30",23,"Saturday","Gentleman3"
"104",2023-12-24 01:50:00,2023-12-24 08:30:00,"06:40",24,"Sunday","Gentleman3"
"105",2023-12-25 02:20:00,2023-12-25 09:00:00,"06:40",25,"Monday","Gentleman3"
"106",2023-12-25 23:10:00,2023-12-26 08:43:35.671,"09:33",26,"Tuesday","Gentleman3"
"107",2023-12-28 00:10:00,2023-12-28 09:20:00,"09:10",28,"Thursday","Gentleman3"
"108",2023-12-29 01:00:00,2023-12-29 08:10:00,"07:10",29,"Friday","Gentleman3"
"109",2023-12-27 00:30:00,2023-12-27 09:10:00,"08:40",27,"Wednesday","Gentleman3"
"110",2023-12-30,2023-12-30 04:50:00,"04:50",30,"Saturday","Gentleman3"
"111",2023-12-30 22:10:00,2023-12-31 08:06:00,"09:56",31,"Sunday","Gentleman3"
"112",2024-01-01 02:10:00,2024-01-01 09:00:00,"06:50",1,"Monday","Gentleman3"
"113",2024-01-01 23:00:00,2024-01-02 08:37:53.724,"09:37",2,"Tuesday","Gentleman3"
"114",2024-01-03,2024-01-03 05:35:00,"05:35",3,"Wednesday","Gentleman3"
"115",2024-01-03 22:40:00,2024-01-04 05:10:00,"06:30",4,"Thursday","Gentleman3"
"116",2024-01-04 23:40:00,2024-01-05 06:09:26.224,"06:29",5,"Friday","Gentleman3"
"117",2024-01-05 23:00:00,2024-01-06 08:00:00,"09:00",6,"Saturday","Gentleman3"
"118",2024-01-07 01:40:00,2024-01-07 10:30:00,"08:50",7,"Sunday","Gentleman3"
"119",2024-01-07 22:40:00,2024-01-08 05:10:00,"06:30",8,"Monday","Gentleman3"
"120",2024-01-08 23:30:00,2024-01-09 05:55:12.011,"06:25",9,"Tuesday","Gentleman3"
"121",2024-01-09 22:40:00,2024-01-10 08:40:00,"10:00",10,"Wednesday","Gentleman3"
"122",2024-01-11 02:00:00,2024-01-11 09:10:00,"07:10",11,"Thursday","Gentleman3"
"123",2024-01-12 00:30:00,2024-01-12 08:30:00,"08:00",12,"Friday","Gentleman3"
"124",2024-01-13 02:20:00,2024-01-13 09:10:00,"06:50",13,"Saturday","Gentleman3"
"125",2024-01-14 00:30:00,2024-01-14 09:28:39.443,"08:58",14,"Sunday","Gentleman3"
"126",2024-01-15 02:10:00,2024-01-15 09:50:00,"07:40",15,"Monday","Gentleman3"
"127",2024-01-15 23:00:00,2024-01-16 05:30:00,"06:30",16,"Tuesday","Gentleman3"
"128",2024-01-17 00:10:00,2024-01-17 05:30:00,"05:20",17,"Wednesday","Gentleman3"
"129",2024-01-18 02:10:00,2024-01-18 08:58:21.911,"06:48",18,"Thursday","Gentleman3"
"130",2024-01-19 00:10:00,2024-01-19 06:40:00,"06:30",19,"Friday","Gentleman3"
"131",2024-01-20 01:30:00,2024-01-20 09:30:00,"08:00",20,"Saturday","Gentleman3"
"132",2024-01-21 01:00:00,2024-01-21 08:09:11.896,"07:09",21,"Sunday","Gentleman3"
"133",2024-01-22 01:00:00,2024-01-22 06:16:32.562,"05:16",22,"Monday","Gentleman3"
